Filename,Country,Vehicle,View,ViewType
NATO_Abrams_View1.jpg,NATO,Abrams,View1,Side/Profile
NATO_Abrams_View2.jpg,NATO,Abrams,View2,Front/Back
NATO_Abrams_View3.jpg,NATO,Abrams,View3,Top
NATO_Abrams_View4.jpg,NATO,Abrams,View4,Side/Profile
NATO_Apache_View1.jpg,NATO,Apache,View1,Side/Profile
NATO_Apache_View2.jpg,NATO,Apache,View2,Front/Back
NATO_Apache_View3.jpg,NATO,Apache,View3,Front/Back
NATO_Apache_View4.png,NATO,Apache,View4,Top
NATO_Apache_View5.jpg,NATO,Apache,View5,Side/Profile
NATO_Bradley_View1.jpg,NATO,Bradley,View1,Side/Profile
NATO_Bradley_View2.jpg,NATO,Bradley,View2,Front/Back
NATO_Bradley_View3.jpg,NATO,Bradley,View3,Top
NATO_Bradley_View4.jpg,NATO,Bradley,View4,Side/Profile
NATO_Challenger 2_View1.jpg,NATO,Challenger 2,View1,Side/Profile
NATO_Challenger 2_View2.jpg,NATO,Challenger 2,View2,Front/Back
NATO_Challenger 2_View3.jpg,NATO,Challenger 2,View3,Top
NATO_Challenger 2_View4.jpg,NATO,Challenger 2,View4,Side/Profile
NATO_Coyote_View1.jpg,NATO,Coyote,View1,Side/Profile
NATO_Coyote_View2.jpg,NATO,Coyote,View2,Front/Back
NATO_Coyote_View3.jpg,NATO,Coyote,View3,Top
NATO_Coyote_View4.png,NATO,Coyote,View4,Side/Profile
NATO_HIMARS_View1.jpg,NATO,HIMARS,View1,Side/Profile
NATO_HIMARS_View2.jpg,NATO,HIMARS,View2,Front/Back
NATO_HIMARS_View3.jpg,NATO,HIMARS,View3,Top
NATO_HIMARS_View4.jpg,NATO,HIMARS,View4,Side/Profile
NATO_K1A1_View1.jpg,NATO,K1A1,View1,Side/Profile
NATO_K1A1_View2.jpg,NATO,K1A1,View2,Front/Back
NATO_K1A1_View3.jpg,NATO,K1A1,View3,Top
NATO_K1A1_View4.jpg,NATO,K1A1,View4,Side/Profile
NATO_Leopard 2A4_View1.jpg,NATO,Leopard 2A4,View1,Side/Profile
NATO_Leopard 2A4_View2.jpg,NATO,Leopard 2A4,View2,Front/Back
NATO_Leopard 2A4_View3.jpg,NATO,Leopard 2A4,View3,Top
NATO_Leopard 2A4_View4.jpg,NATO,Leopard 2A4,View4,Side/Profile
NATO_Leopard 2A6_View1.jpg,NATO,Leopard 2A6,View1,Side/Profile
NATO_Leopard 2A6_View2.jpg,NATO,Leopard 2A6,View2,Front/Back
NATO_Leopard 2A6_View3.jpg,NATO,Leopard 2A6,View3,Top
NATO_Leopard 2A6_View4.jpg,NATO,Leopard 2A6,View4,Side/Profile
NATO_MLRS_View1.jpg,NATO,MLRS,View1,Side/Profile
NATO_MLRS_View2.jpg,NATO,MLRS,View2,Front/Back
NATO_MLRS_View3.jpg,NATO,MLRS,View3,Top
NATO_MLRS_View4.png,NATO,MLRS,View4,Side/Profile
NATO_Paladin_View1.jpg,NATO,Paladin,View1,Side/Profile
NATO_Paladin_View2.jpg,NATO,Paladin,View2,Front/Back
NATO_Paladin_View3.jpg,NATO,Paladin,View3,Top
NATO_Paladin_View4.jpg,NATO,Paladin,View4,Side/Profile
NATO_Stryker_View1.jpg,NATO,Stryker,View1,Side/Profile
NATO_Stryker_View2.jpg,NATO,Stryker,View2,Front/Back
NATO_Stryker_View3.jpg,NATO,Stryker,View3,Top
NATO_Stryker_View4.jpg,NATO,Stryker,View4,Side/Profile
NATO_Warrior_View1.jpg,NATO,Warrior,View1,Side/Profile
NATO_Warrior_View2.jpg,NATO,Warrior,View2,Front/Back
NATO_Warrior_View3.jpg,NATO,Warrior,View3,Top
NATO_Warrior_View4.jpg,NATO,Warrior,View4,Side/Profile
China_PTL-02_View1.jpg,China,PTL-02,View1,Side/Profile
China_PTL-02_View2.jpg,China,PTL-02,View2,Front/Back
China_PTL-02_View3.jpg,China,PTL-02,View3,Top
China_PTL-02_View4.jpg,China,PTL-02,View4,Side/Profile
China_QN-506_View1.jpg,China,QN-506,View1,Side/Profile
China_QN-506_View2.jpg,China,QN-506,View2,Front/Back
China_QN-506_View3.jpg,China,QN-506,View3,Top
China_QN-506_View4.jpg,China,QN-506,View4,Side/Profile
China_Type 03_View1.png,China,Type 03,View1,Side/Profile
China_Type 03_View2.jpg,China,Type 03,View2,Front/Back
China_Type 03_View3.jpg,China,Type 03,View3,Top
China_Type 03_View4.jpg,China,Type 03,View4,Side/Profile
China_Type 09_View1.jpg,China,Type 09,View1,Side/Profile
China_Type 09_View2.jpg,China,Type 09,View2,Front/Back
China_Type 09_View3.jpg,China,Type 09,View3,Top
China_Type 09_View4.jpg,China,Type 09,View4,Side/Profile
China_Type 15_View1.jpg,China,Type 15,View1,Side/Profile
China_Type 15_View2.jpg,China,Type 15,View2,Front/Back
China_Type 15_View3.jpg,China,Type 15,View3,Front/Back
China_Type 15_View4.jpg,China,Type 15,View4,Top
China_Type 15_View5.jpg,China,Type 15,View5,Side/Profile
China_Type 86_View1.jpg,China,Type 86,View1,Side/Profile
China_Type 86_View2.jpg,China,Type 86,View2,Front/Back
China_Type 86_View3.jpg,China,Type 86,View3,Top
China_Type 86_View4.jpg,China,Type 86,View4,Side/Profile
China_Type 86_View5.jpg,China,Type 86,View5,Side/Profile
China_Type-04_View1.jpg,China,Type-04,View1,Side/Profile
China_Type-04_View2.jpg,China,Type-04,View2,Front/Back
China_Type-04_View3.jpg,China,Type-04,View3,Side/Profile
China_Type-04_View4.jpg,China,Type-04,View4,Side/Profile
China_Type-04A_View1.png,China,Type-04A,View1,Side/Profile
China_Type-04A_View2.jpg,China,Type-04A,View2,Front/Back
China_Type-04A_View3.jpg,China,Type-04A,View3,Top
China_Type-04A_View4.jpg,China,Type-04A,View4,Side/Profile
China_Type-05_View1.jpg,China,Type-05,View1,Side/Profile
China_Type-05_View2.jpg,China,Type-05,View2,Front/Back
China_Type-05_View3.jpg,China,Type-05,View3,Front/Back
China_Type-05_View4.jpg,China,Type-05,View4,Top
China_Type-05_View5.jpg,China,Type-05,View5,Side/Profile
China_Type-07_View1.jpg,China,Type-07,View1,Side/Profile
China_Type-07_View2.jpg,China,Type-07,View2,Front/Back
China_Type-07_View3.jpg,China,Type-07,View3,Top
China_Type-07_View4.jpg,China,Type-07,View4,Side/Profile
China_Type-59_View1.jpg,China,Type-59,View1,Side/Profile
China_Type-59_View2.jpg,China,Type-59,View2,Side/Profile
China_Type-59_View3.jpg,China,Type-59,View3,Front/Back
China_Type-59_View4.jpg,China,Type-59,View4,Side/Profile
China_Type-59_View5.jpg,China,Type-59,View5,Top
China_Type-63A_View1.jpg,China,Type-63A,View1,Side/Profile
China_Type-63A_View2.jpg,China,Type-63A,View2,Front/Back
China_Type-63A_View3.jpg,China,Type-63A,View3,Top
China_Type-63A_View4.jpg,China,Type-63A,View4,Top
China_Type-90-II_View1.jpg,China,Type-90-II,View1,Side/Profile
China_Type-90-II_View2.jpg,China,Type-90-II,View2,Front/Back
China_Type-90-II_View3.jpg,China,Type-90-II,View3,Side/Profile
China_Type-90-II_View4.jpg,China,Type-90-II,View4,Side/Profile
China_Type-95_View1.jpg,China,Type-95,View1,Side/Profile
China_Type-95_View2.jpg,China,Type-95,View2,Front/Back
China_Type-95_View3.jpg,China,Type-95,View3,Front/Back
China_Type-95_View4.jpg,China,Type-95,View4,Top
China_Type-96A_View1.jpg,China,Type-96A,View1,Side/Profile
China_Type-96A_View2.jpg,China,Type-96A,View2,Front/Back
China_Type-96A_View3.jpg,China,Type-96A,View3,Top
China_Type-96A_View4.jpg,China,Type-96A,View4,Side/Profile
China_Type-98_View1.jpg,China,Type-98,View1,Side/Profile
China_Type-98_View2.jpg,China,Type-98,View2,Front/Back
China_Type-98_View3.jpg,China,Type-98,View3,Top
China_Type-98_View4.jpg,China,Type-98,View4,Side/Profile
China_Type-99A_View1.jpg,China,Type-99A,View1,Side/Profile
China_Type-99A_View2.jpg,China,Type-99A,View2,Front/Back
China_Type-99A_View3.jpg,China,Type-99A,View3,Front/Back
China_Type-99A_View4.jpg,China,Type-99A,View4,Top
China_Type-99A_View5.jpg,China,Type-99A,View5,Side/Profile
China_VN-17_View1.jpg,China,VN-17,View1,Side/Profile
China_VN-17_View2.jpg,China,VN-17,View2,Front/Back
China_VN-17_View3.jpg,China,VN-17,View3,Top
China_VN-17_View4.jpg,China,VN-17,View4,Side/Profile
China_VN-18_View1.jpg,China,VN-18,View1,Side/Profile
China_VN-18_View2.jpg,China,VN-18,View2,Front/Back
China_VN-18_View3.jpg,China,VN-18,View3,Top
China_VN-18_View4.jpg,China,VN-18,View4,Side/Profile
China_VT-4_View1.jpg,China,VT-4,View1,Side/Profile
China_VT-4_View2.jpg,China,VT-4,View2,Side/Profile
China_VT-4_View3.jpg,China,VT-4,View3,Front/Back
China_VT-4_View4.jpg,China,VT-4,View4,Top
China_VT-4_View5.jpg,China,VT-4,View5,Side/Profile
China_Z-10_View1.jpg,China,Z-10,View1,Side/Profile
China_Z-10_View2.jpg,China,Z-10,View2,Front/Back
China_Z-10_View3.jpg,China,Z-10,View3,Front/Back
China_Z-10_View4.jpg,China,Z-10,View4,Side/Profile
China_Z-19_View1.jpg,China,Z-19,View1,Side/Profile
China_Z-19_View2.jpg,China,Z-19,View2,Side/Profile
China_Z-19_View3.jpg,China,Z-19,View3,Front/Back
China_Z-19_View4.jpg,China,Z-19,View4,Top
China_ZSL-92_View1.jpg,China,ZSL-92,View1,Side/Profile
China_ZSL-92_View2.jpg,China,ZSL-92,View2,Front/Back
China_ZSL-92_View3.jpg,China,ZSL-92,View3,Front/Back
China_ZSL-92_View4.jpg,China,ZSL-92,View4,Side/Profile
Russia_BMD-3_View1.jpg,Russia,BMD-3,View1,Side/Profile
Russia_BMD-3_View2.jpg,Russia,BMD-3,View2,Front/Back
Russia_BMD-3_View3.jpg,Russia,BMD-3,View3,Side/Profile
Russia_BMD-3_View4.jpg,Russia,BMD-3,View4,Front/Back
Russia_BMD-4_View1.jpg,Russia,BMD-4,View1,Side/Profile
Russia_BMD-4_View2.jpg,Russia,BMD-4,View2,Front/Back
Russia_BMD-4_View3.jpg,Russia,BMD-4,View3,Top
Russia_BMD-4_View4.jpg,Russia,BMD-4,View4,Side/Profile
Russia_BMP-2_View1.jpg,Russia,BMP-2,View1,Side/Profile
Russia_BMP-2_View2.jpg,Russia,BMP-2,View2,Front/Back
Russia_BMP-2_View3.jpg,Russia,BMP-2,View3,Top
Russia_BMP-2_View4.jpg,Russia,BMP-2,View4,Side/Profile
Russia_BMP-3_View1.jpg,Russia,BMP-3,View1,Side/Profile
Russia_BMP-3_View2.jpg,Russia,BMP-3,View2,Front/Back
Russia_BMP-3_View3.jpg,Russia,BMP-3,View3,Top
Russia_BMP-3_View4.jpg,Russia,BMP-3,View4,Side/Profile
Russia_BTR-70_View1.jpg,Russia,BTR-70,View1,Side/Profile
Russia_BTR-70_View2.jpg,Russia,BTR-70,View2,Top
Russia_BTR-70_View3.jpg,Russia,BTR-70,View3,Side/Profile
Russia_BTR-70_View4.jpg,Russia,BTR-70,View4,Front/Back
Russia_BTR-80_View1.jpg,Russia,BTR-80,View1,Side/Profile
Russia_BTR-80_View2.jpg,Russia,BTR-80,View2,Front/Back
Russia_BTR-80_View3.jpg,Russia,BTR-80,View3,Side/Profile
Russia_BTR-80_View4.jpg,Russia,BTR-80,View4,Side/Profile
Russia_Boar_View1.jpg,Russia,Boar,View1,Side/Profile
Russia_Boar_View2.jpg,Russia,Boar,View2,Front/Back
Russia_Boar_View3.jpg,Russia,Boar,View3,Top
Russia_Boar_View4.jpg,Russia,Boar,View4,Front/Back
Russia_Foxhound_View1.jpg,Russia,Foxhound,View1,Side/Profile
Russia_Foxhound_View2.jpg,Russia,Foxhound,View2,Top
Russia_Foxhound_View3.jpg,Russia,Foxhound,View3,Side/Profile
Russia_Foxhound_View4.jpg,Russia,Foxhound,View4,Top
Russia_Foxhound_View5.jpg,Russia,Foxhound,View5,Front/Back
Russia_Gauntlet_View1.jpg,Russia,Gauntlet,View1,Side/Profile
Russia_Gauntlet_View2.jpg,Russia,Gauntlet,View2,Side/Profile
Russia_Gauntlet_View3.jpg,Russia,Gauntlet,View3,Front/Back
Russia_Gauntlet_View4.jpg,Russia,Gauntlet,View4,Front/Back
Russia_Giatsnit_View1.jpg,Russia,Giatsnit,View1,Side/Profile
Russia_Giatsnit_View2.jpg,Russia,Giatsnit,View2,Front/Back
Russia_Giatsnit_View3.jpg,Russia,Giatsnit,View3,Side/Profile
Russia_Giatsnit_View4.jpg,Russia,Giatsnit,View4,Front/Back
Russia_Gopher_View1.jpg,Russia,Gopher,View1,Top
Russia_Gopher_View2.jpg,Russia,Gopher,View2,Front/Back
Russia_Gopher_View3.jpg,Russia,Gopher,View3,Top
Russia_Gopher_View4.jpg,Russia,Gopher,View4,Side/Profile
Russia_Grizzly_View1.jpg,Russia,Grizzly,View1,Side/Profile
Russia_Grizzly_View2.jpg,Russia,Grizzly,View2,Front/Back
Russia_Grizzly_View3.jpg,Russia,Grizzly,View3,Side/Profile
Russia_Grizzly_View4.jpg,Russia,Grizzly,View4,Top
Russia_Havoc_View1.jpg,Russia,Havoc,View1,Side/Profile
Russia_Havoc_View2.jpg,Russia,Havoc,View2,Front/Back
Russia_Havoc_View3.jpg,Russia,Havoc,View3,Top
Russia_Havoc_View4.jpg,Russia,Havoc,View4,Side/Profile
Russia_Hind_View1.jpg,Russia,Hind,View1,Side/Profile
Russia_Hind_View2.jpg,Russia,Hind,View2,Side/Profile
Russia_Hind_View3.jpg,Russia,Hind,View3,Side/Profile
Russia_Hind_View4.jpg,Russia,Hind,View4,Top
Russia_Hind_View5.jpg,Russia,Hind,View5,Front/Back
Russia_Hokum-B_View1.jpg,Russia,Hokum-B,View1,Side/Profile
Russia_Hokum-B_View2.jpg,Russia,Hokum-B,View2,Front/Back
Russia_Hokum-B_View3.jpg,Russia,Hokum-B,View3,Front/Back
Russia_Hokum-B_View4.jpg,Russia,Hokum-B,View4,Top
Russia_Koalitsiya_View1.jpg,Russia,Koalitsiya,View1,Side/Profile
Russia_Koalitsiya_View2.jpg,Russia,Koalitsiya,View2,Side/Profile
Russia_Koalitsiya_View3.jpg,Russia,Koalitsiya,View3,Front/Back
Russia_Koalitsiya_View4.jpg,Russia,Koalitsiya,View4,Top
Russia_MSTA-S_View1.jpg,Russia,MSTA-S,View1,Side/Profile
Russia_MSTA-S_View2.jpg,Russia,MSTA-S,View2,Front/Back
Russia_MSTA-S_View3.jpg,Russia,MSTA-S,View3,Top
Russia_MSTA-S_View4.jpg,Russia,MSTA-S,View4,Side/Profile
Russia_Shilka_View1.jpg,Russia,Shilka,View1,Side/Profile
Russia_Shilka_View2.jpg,Russia,Shilka,View2,Front/Back
Russia_Solntsepek_View1.jpg,Russia,Solntsepek,View1,Side/Profile
Russia_Solntsepek_View2.jpg,Russia,Solntsepek,View2,Side/Profile
Russia_Solntsepek_View3.jpg,Russia,Solntsepek,View3,Front/Back
Russia_Solntsepek_View4.jpg,Russia,Solntsepek,View4,Side/Profile
Russia_T-72B3_View1.jpg,Russia,T-72B3,View1,Side/Profile
Russia_T-72B3_View2.jpg,Russia,T-72B3,View2,Front/Back
Russia_T-72B3_View3.jpg,Russia,T-72B3,View3,Side/Profile
Russia_T-72B3_View4.jpg,Russia,T-72B3,View4,Top
Russia_T-80U_View1.jpg,Russia,T-80U,View1,Side/Profile
Russia_T-80U_View2.jpg,Russia,T-80U,View2,Front/Back
Russia_T-80U_View3.jpg,Russia,T-80U,View3,Top
Russia_T-80U_View4.jpg,Russia,T-80U,View4,Side/Profile
Russia_T-90A_View1.jpg,Russia,T-90A,View1,Side/Profile
Russia_T-90A_View2.jpg,Russia,T-90A,View2,Front/Back
Russia_T-90A_View3.jpg,Russia,T-90A,View3,Top
Russia_T-90A_View4.jpg,Russia,T-90A,View4,Side/Profile
Russia_Tigr_View1.jpg,Russia,Tigr,View1,Side/Profile
Russia_Tigr_View2.jpg,Russia,Tigr,View2,Side/Profile
Russia_Tigr_View3.jpg,Russia,Tigr,View3,Front/Back
Russia_Tigr_View4.jpg,Russia,Tigr,View4,Front/Back
Russia_Tunguska-M_View1.jpg,Russia,Tunguska-M,View1,Side/Profile
Russia_Tunguska-M_View2.jpg,Russia,Tunguska-M,View2,Side/Profile
Russia_Tunguska-M_View3.jpg,Russia,Tunguska-M,View3,Front/Back
Russia_Tunguska-M_View4.jpg,Russia,Tunguska-M,View4,Front/Back
Russia_Uragan_View1.jpg,Russia,Uragan,View1,Side/Profile
Russia_Uragan_View2.jpg,Russia,Uragan,View2,Side/Profile
Russia_Uragan_View3.jpg,Russia,Uragan,View3,Side/Profile
Russia_Uragan_View4.jpg,Russia,Uragan,View4,Front/Back
